-- SEED: Escolas e Professores da Rede Municipal de Vacaria–RS
-- Execute no SQL Editor do Supabase APÓS rodar schema.sql

-- ─── ESCOLAS ────────────────────────────────────────────────
insert into escolas (id, name, tipo) values
  (26, 'EMEF Attílio Benedetti', 'EMEF Campo'),
  (13, 'EMEF Cecy Sá Brito', 'EMEF'),
  (14, 'EMEF Coronel Avelino', 'EMEF'),
  (15, 'EMEF Dom Henrique Gelain', 'EMEF'),
  (16, 'EMEF Dr. Arthur Coelho Borges', 'EMEF'),
  (17, 'EMEF Duque de Caxias', 'EMEF'),
  (27, 'EMEF Florindo Caon', 'EMEF Campo'),
  (18, 'EMEF General Osório', 'EMEF'),
  (28, 'EMEF Humberto Ferruccio Campetti', 'EMEF Campo'),
  (19, 'EMEF Inácio de Souza Pires', 'EMEF'),
  (29, 'EMEF João Becker da Silveira', 'EMEF Campo'),
  (20, 'EMEF Juventina Morena de Oliveira', 'EMEF'),
  (21, 'EMEF Nabor Moura de Azevedo', 'EMEF'),
  (22, 'EMEF Pedro Álvares Cabral', 'EMEF'),
  (23, 'EMEF Prof. Luiz Augusto de Medeiros Branco', 'EMEF'),
  (24, 'EMEF Romeu Antonio Biazus', 'EMEF'),
  (30, 'EMEF Santa Maria Goreti', 'EMEF Campo'),
  (25, 'EMEF Soli Gonzaga dos Santos', 'EMEF'),
  (1, 'EMEI Ceny Paim Mezari', 'EMEI'),
  (2, 'EMEI Erlina Portela Gervino', 'EMEI'),
  (3, 'EMEI Gov. Synval Guazzelli', 'EMEI'),
  (4, 'EMEI Hildo Afonso Parizotto', 'EMEI'),
  (5, 'EMEI Irineu Luiz Chilanti', 'EMEI'),
  (6, 'EMEI Irma Toffoli', 'EMEI'),
  (7, 'EMEI Irmã Delma Gema Gotardo', 'EMEI'),
  (8, 'EMEI Lenyr Casagrande Tonela', 'EMEI'),
  (9, 'EMEI Maria Erica Caimi', 'EMEI'),
  (10, 'EMEI Prof. João Alberto Paim Borges', 'EMEI'),
  (11, 'EMEI Prof. Mathias Claro de Lima Filho', 'EMEI'),
  (12, 'EMEI Profª Clotide Soares Ferreira', 'EMEI');
select setval('escolas_id_seq', (select max(id) from escolas));

-- ─── PROFESSORES ────────────────────────────────────────────
insert into professores (id, nome, status) values
  (213, 'Adelita da Silva Boeno', 'Ativo'),
  (214, 'Adriana Aparecida de Almeida Marcolin', 'Ativo'),
  (215, 'Adriana Brezolin', 'Ativo'),
  (218, 'Adriana Guazzelli Amarante Horn', 'Ativo'),
  (219, 'Adriana Kennea de Souza Galdino Freitas', 'Ativo'),
  (220, 'Adriana Muler Martins', 'Ativo'),
  (221, 'Adriana Muler Martins Freitas', 'Ativo'),
  (216, 'Adriana da Rosa Oliveira', 'Ativo'),
  (217, 'Adriana de Almeida Abreu', 'Ativo'),
  (222, 'Adriele dos Santos Silva', 'Ativo'),
  (223, 'Aguida Pontel Alves', 'Ativo'),
  (1, 'Alessandra Aparecida Gomes Matias', 'Ativo'),
  (224, 'Alessandra Chaves Zen', 'Ativo'),
  (225, 'Alessandra Masiero Roldo', 'Ativo'),
  (2, 'Alessandra Roldo', 'Ativo'),
  (3, 'Alessandra Xavier Dian de Abreu', 'Ativo'),
  (226, 'Alexandra Rodrigues Borges', 'Ativo'),
  (227, 'Alice Fátima de Almeida Abreu', 'Ativo'),
  (5, 'Alice Teixeira Andrade', 'Ativo'),
  (4, 'Alice de Souza Jesus Lourenço', 'Ativo'),
  (6, 'Aline Andriguetti de Oliveira', 'Ativo'),
  (228, 'Aline Carla de Almeida Chedid', 'Ativo'),
  (7, 'Aline Chiavagati da Silva', 'Ativo'),
  (586, 'Aline Colle Fiorentin', 'Ativo'),
  (587, 'Aline Fátima Boeira', 'Ativo'),
  (9, 'Aline Jéssica Paim da Luz', 'Ativo'),
  (10, 'Aline Rosana Rigolli', 'Ativo'),
  (8, 'Aline da Silva Tonolli Borges', 'Ativo'),
  (229, 'Amanda Andrighetti Lobo', 'Ativo'),
  (230, 'Amanda Paim Ferreira', 'Ativo'),
  (11, 'Amanda Rodrigues Cardoso', 'Ativo'),
  (12, 'Ana Carla Lima Hoffman Acasigua', 'Ativo'),
  (231, 'Ana Carolina Bertoni Tieppo', 'Ativo'),
  (232, 'Ana Cláudia de Carvalho Jesus', 'Ativo'),
  (14, 'Ana Luiza Bosqueiro', 'Ativo'),
  (13, 'Ana Lúcia Machado', 'Ativo'),
  (15, 'Ana Maria Monteiro Mota Paim', 'Ativo'),
  (233, 'Ana Maria Moschen Lisbôa', 'Ativo'),
  (16, 'Ana Maria Oliveira Kramer', 'Ativo'),
  (234, 'Ana Paula Belusso', 'Ativo'),
  (235, 'Ana Paula Paim Alves', 'Ativo'),
  (17, 'Ana Paula Pereira Faustino de Oliveira', 'Ativo'),
  (588, 'Ana Paula Scopel', 'Ativo'),
  (236, 'Ana Shirley Zardo de Almeida', 'Ativo'),
  (18, 'Ana Tschiedel Velho', 'Ativo'),
  (237, 'Anamaria de Lemos Kramer', 'Ativo'),
  (238, 'Andrea Borges do Amaral', 'Ativo'),
  (239, 'Andrea da Rosa Pinheiro', 'Ativo'),
  (19, 'Andresa Maria Menegaz', 'Ativo'),
  (240, 'Andresa Rodrigues dos Santos', 'Ativo'),
  (241, 'Andreza Della Giustina Nery Tallamini', 'Ativo'),
  (242, 'Andreza Donazzolo de Carvalho', 'Ativo'),
  (243, 'Andréa Elisa da Luz Bossle', 'Ativo'),
  (244, 'Andréa Josefina Aparecida Duarte', 'Ativo'),
  (245, 'Andréa Lisboa Rodrigues Teles Dias', 'Ativo'),
  (246, 'Andréa Maria Dalaqua', 'Ativo'),
  (247, 'Andréa Pagno Pegoraro', 'Ativo'),
  (248, 'Andréia Arnoldo Paim', 'Ativo'),
  (20, 'Anelise Boaventura Pereira', 'Ativo'),
  (249, 'Anelise Huff de Camargo', 'Ativo'),
  (21, 'Anelise Lauriano Maciel', 'Ativo'),
  (250, 'Anelise Pinto Ciota Perotoni', 'Ativo'),
  (22, 'Anelise Rodrigues de Sousa', 'Ativo'),
  (23, 'Anelise Santos Duarte Casagrande', 'Ativo'),
  (251, 'Anelise Tochetto de Lemos', 'Ativo'),
  (253, 'Angela Maria Padilha Lagni', 'Ativo'),
  (252, 'Angela de Fátima Pinheiro Varaschin', 'Ativo'),
  (254, 'Angélica Vieira Pagno', 'Ativo'),
  (255, 'Aretusa Camargo Velho', 'Ativo'),
  (256, 'Ariane Pires Rabelo de Souza', 'Ativo'),
  (257, 'Barbara de Faria Rodrigues', 'Ativo'),
  (24, 'Betiane Berteli da Silva', 'Ativo'),
  (258, 'Betiane Paim Dias', 'Ativo'),
  (259, 'Bianca Borges de Oliveira', 'Ativo'),
  (25, 'Bianca Cechinato Carli', 'Ativo'),
  (260, 'Bianca Figueiró', 'Ativo'),
  (261, 'Bolívar Soares', 'Ativo'),
  (262, 'Braulia de Fátima Borges Teixeira', 'Ativo'),
  (263, 'Bruna Martins Busin', 'Ativo'),
  (26, 'Bruna Nery Batalha', 'Ativo'),
  (264, 'Bruna Saraiva Boschi', 'Ativo'),
  (265, 'Bruno Nunes Antunes', 'Ativo'),
  (27, 'Caciana Borges Martelo', 'Ativo'),
  (266, 'Caciana Bortolotto Damiani', 'Ativo'),
  (267, 'Caliandra Maíra Carlesso Magero', 'Ativo'),
  (268, 'Camila Buselatto Mussato Martins', 'Ativo'),
  (29, 'Camila Elisabete Guerra Cosma', 'Ativo'),
  (30, 'Camila Morais Vieira', 'Ativo'),
  (31, 'Camila Santos da Silva', 'Ativo'),
  (32, 'Camila Scopel de Lima Girardi', 'Ativo'),
  (28, 'Camila dos Santos Arruda', 'Ativo'),
  (33, 'Carin Luciane da Silva Santos Vuelma', 'Ativo'),
  (269, 'Carina de Camargo Telles', 'Ativo'),
  (34, 'Carine Gonçalves da Silva', 'Ativo'),
  (35, 'Carine Lopes dos Santos', 'Ativo'),
  (36, 'Carine Vieira Bechelin', 'Ativo'),
  (270, 'Carine de Godoy Deotti', 'Ativo'),
  (271, 'Carla Alves Paim', 'Ativo'),
  (272, 'Carla Cassol Comparin', 'Ativo'),
  (273, 'Carla Cristina Pedrozo da Silva', 'Ativo'),
  (274, 'Carla Fernanda dos Santos Pereira', 'Ativo'),
  (275, 'Carla Noêmia Rocha Teixeira Falavigna', 'Ativo'),
  (276, 'Carla Vieira da Silva', 'Ativo'),
  (277, 'Carlos Eduardo de Abreu', 'Ativo'),
  (278, 'Carolina Moretti Berto', 'Ativo'),
  (279, 'Caroline Alves Bertin', 'Ativo'),
  (589, 'Caroline Gomes Maineri', 'Ativo'),
  (280, 'Caroline Grazziotin do Rosário Mota', 'Ativo'),
  (37, 'Caroline de Brito', 'Ativo'),
  (38, 'Cassiane de Fátima Carvalho Vargas', 'Ativo'),
  (40, 'Catiana Viero da Silva', 'Ativo'),
  (39, 'Catiana da Silva Vida', 'Ativo'),
  (281, 'Celmira Rocha Borges', 'Ativo'),
  (282, 'Charlene Aparecida Mota', 'Ativo'),
  (283, 'Cinara Godois da Silveira Lara', 'Ativo'),
  (284, 'Cinthya Carolina de Oliveira Silva', 'Ativo'),
  (285, 'Clair Isabel Costa dos Santos', 'Ativo'),
  (286, 'Clarice Ligabue Borges', 'Ativo'),
  (287, 'Claudia Mello Boeira', 'Ativo'),
  (42, 'Claudiane de Fátima Felipe', 'Ativo'),
  (288, 'Clecir da Silva Jordani', 'Ativo'),
  (44, 'Cleidi Valda Ribeiro Moreira', 'Ativo'),
  (289, 'Cleiva Camargo Pereira da Silva', 'Ativo'),
  (290, 'Cleonice Fernandes Borges', 'Ativo'),
  (291, 'Cleude Maria Donazzolo', 'Ativo'),
  (591, 'Cleusa Araldi Fochezatto', 'Ativo'),
  (41, 'Cláudia Eduarda Camargo Pereira', 'Ativo'),
  (292, 'Cláudia Maria Rocha Walmorbida de Araújo', 'Ativo'),
  (43, 'Cléa Denise Melek Nunes', 'Ativo'),
  (45, 'Cristiane França Borges', 'Ativo'),
  (46, 'Cristiane Pacheco Pires Silva', 'Ativo'),
  (293, 'Cristiane Rodrigues Camargo', 'Ativo'),
  (294, 'Cristiane da Silva Costa', 'Ativo'),
  (590, 'Cássia Luciane Tavares', 'Ativo'),
  (295, 'Cátia Cilene Pereira Malgarin', 'Ativo'),
  (296, 'Cátia Jaqueline Rodrigues de Souza', 'Ativo'),
  (297, 'Cátia Rosane de Camargo e Silva', 'Ativo'),
  (298, 'Daiane Cristina da Silva Bernardi', 'Ativo'),
  (47, 'Daiane Garcia Borges', 'Ativo'),
  (48, 'Daiane Menuzzo de Lima', 'Ativo'),
  (299, 'Daiane Pereira Nunes', 'Ativo'),
  (300, 'Daiane dos Santos Silva', 'Ativo'),
  (592, 'Daniela Antunes Gomes', 'Ativo'),
  (49, 'Daniela Campos da Silva', 'Ativo'),
  (301, 'Daniela Fátima Bernardi', 'Ativo'),
  (302, 'Daniela Luchesi Paim', 'Ativo'),
  (303, 'Daniela Monteiro Ramos', 'Ativo'),
  (304, 'Daniela Penz', 'Ativo'),
  (50, 'Daniele da Silva Carra', 'Ativo'),
  (51, 'Daniele de Souza Jesus Rodrigues', 'Ativo'),
  (305, 'Danieli Salvador Machado', 'Ativo'),
  (306, 'Danieli dos Anjos Vargas', 'Ativo'),
  (307, 'Danúbia Bianchi Menegat', 'Ativo'),
  (308, 'Deidivi Boeira dos Anjos', 'Ativo'),
  (309, 'Deise Basso de Almeida', 'Ativo'),
  (310, 'Denilson Jucir de Moraes Vieira', 'Ativo'),
  (56, 'Denise Bueno da Silva', 'Ativo'),
  (57, 'Denise Fonseca', 'Ativo'),
  (311, 'Denise Texeira Gonçalves', 'Ativo'),
  (312, 'Denílson Jucir de Moraes Vieira', 'Ativo'),
  (593, 'Dienifer da Silva Souza', 'Ativo'),
  (313, 'Dilvane Agustini', 'Ativo'),
  (314, 'Dilza Fernandes Silva', 'Ativo'),
  (58, 'Dioneia Aparecida Chinelato', 'Ativo'),
  (315, 'Diva Therezinha Amarante Antunes', 'Ativo'),
  (316, 'Djeniffer Débora da Silva', 'Ativo'),
  (317, 'Débora Bedin de Oliveira', 'Ativo'),
  (53, 'Débora Carneiro Pereira', 'Ativo'),
  (54, 'Débora Feliciano da Silva', 'Ativo'),
  (55, 'Débora Salvador Bizotto', 'Ativo'),
  (52, 'Débora de Camargo Finger', 'Ativo'),
  (594, 'Edilene Almeida Costa', 'Ativo'),
  (318, 'Ednea Alves Boeno', 'Ativo'),
  (60, 'Eduarda Manozzo Dutra', 'Ativo'),
  (319, 'Eduarda Ribas Silveira', 'Ativo'),
  (61, 'Eduarda Volante Marques Camelo', 'Ativo'),
  (59, 'Eduarda da Motta Zambonin', 'Ativo'),
  (320, 'Elaine Aparecida Padilha Barison', 'Ativo'),
  (321, 'Elen Ferreira Quiroz', 'Ativo'),
  (63, 'Elenice da Silva Lima', 'Ativo'),
  (322, 'Eliana de Freitas Paim Caldart', 'Ativo'),
  (323, 'Eliandra de Lima Suzin', 'Ativo'),
  (324, 'Eliane Catiane Grechuski Boff', 'Ativo'),
  (62, 'Eliane Gomes Gobetti', 'Ativo'),
  (325, 'Eliane Regina Borges', 'Ativo'),
  (326, 'Eliane Teresinha Damaceno da Rosa', 'Ativo'),
  (327, 'Eliane do Amaral Padilha Prandi', 'Ativo'),
  (595, 'Elidiane Fátima da Costa Santos', 'Ativo'),
  (328, 'Eliege Borges Schinato', 'Ativo'),
  (66, 'Elisa Zulian Deluchi', 'Ativo'),
  (329, 'Elisabete Brehm Borges', 'Ativo'),
  (330, 'Elisabete Eugênia Biazus da Silva', 'Ativo'),
  (331, 'Elisabete Kern', 'Ativo'),
  (67, 'Elisabete dos Santos', 'Ativo'),
  (68, 'Elisandra Manozzo Costa', 'Ativo'),
  (332, 'Elisandra Motta Rabello de Souza', 'Ativo'),
  (69, 'Elisandra Rissardi Polasso', 'Ativo'),
  (70, 'Elisângela Zambrzycki de Almeida', 'Ativo'),
  (596, 'Elisângela Zorraski Vanzetto', 'Ativo'),
  (71, 'Eliz Giane Barreto Jacobi', 'Ativo');
insert into professores (id, nome, status) values
  (333, 'Elizandra Martins Gregório', 'Ativo'),
  (334, 'Elizandra Pires Duarte Ahmad', 'Ativo'),
  (335, 'Elizandra Talamini Luz', 'Ativo'),
  (336, 'Elizete de Fátima de Oliveira Piton', 'Ativo'),
  (64, 'Eliése Padilha Macuglia', 'Ativo'),
  (65, 'Eliéser Assis Fossatti', 'Ativo'),
  (337, 'Elton José Zulianello', 'Ativo'),
  (338, 'Estefane Vargas de Braga', 'Ativo'),
  (339, 'Estela Denise Borges Fortuna', 'Ativo'),
  (340, 'Esther Regina Donazzolo', 'Ativo'),
  (341, 'Eva da Silva Andrade', 'Ativo'),
  (72, 'Evelise Lauriano Maciel Hoffmann', 'Ativo'),
  (342, 'Fabiana Aparecida de Lima Pereira', 'Ativo'),
  (73, 'Fabiana Cechinatto', 'Ativo'),
  (343, 'Fabiana Martins Fernandes', 'Ativo'),
  (344, 'Fabiana Soares', 'Ativo'),
  (345, 'Fabiano Martins Fernandes', 'Ativo'),
  (346, 'Fabiano Perotoni', 'Ativo'),
  (347, 'Fabielen Candido Rosa', 'Ativo'),
  (348, 'Fabiola Turella Hubert', 'Ativo'),
  (349, 'Fabrícia Francisca Silveira', 'Ativo'),
  (74, 'Fabíola Boff Borges', 'Ativo'),
  (75, 'Fabíula Cordeiro da Silva', 'Ativo'),
  (350, 'Fernanda Fernandes Leite', 'Ativo'),
  (351, 'Fernanda Renata Silva dos Santos', 'Ativo'),
  (352, 'Fernanda Suliani Camargo', 'Ativo'),
  (353, 'Fernanda de Macedo Oliveira Lancini', 'Ativo'),
  (354, 'Fernando Pereira Correa', 'Ativo'),
  (355, 'Flávia Maria Barbosa da Silva', 'Ativo'),
  (597, 'Francele de Stefane Biasus', 'Ativo'),
  (76, 'Franciane Bortolaci Borges Lemos', 'Ativo'),
  (356, 'Franciele Soldateli', 'Ativo'),
  (77, 'Franciele da Silva Lima', 'Ativo'),
  (357, 'Francieli de Fátima Castro da Costa', 'Ativo'),
  (78, 'Francieli dos Santos Barbosa', 'Ativo'),
  (358, 'Fátima Teresinha Naji Barros', 'Ativo'),
  (359, 'Gabriela Catafesta Martins', 'Ativo'),
  (360, 'Gabriela Hauser Mello', 'Ativo'),
  (361, 'Gabriela Salvatii Bortolon', 'Ativo'),
  (79, 'Gabriele Machado de Azevedo', 'Ativo'),
  (362, 'Gabriele Vargas de Melo', 'Ativo'),
  (363, 'Gabrieli Aparecida Kurlapski da Silveira', 'Ativo'),
  (80, 'Gabrieli Boaventura da Costa', 'Ativo'),
  (364, 'Gabryelle Baldin Moreira', 'Ativo'),
  (365, 'Geise Arsenio Santos', 'Ativo'),
  (366, 'Genice Friso da Silva', 'Ativo'),
  (81, 'Genoefa Aparecida Alves da Silva', 'Ativo'),
  (367, 'Gian Carlos Telles Ribeiro', 'Ativo'),
  (368, 'Gilmara', 'Ativo'),
  (369, 'Gilmara Piton da Silva', 'Ativo'),
  (370, 'Gilsene Aparecida Ferreira da Silva', 'Ativo'),
  (371, 'Giovana Acauan Giuriolo', 'Ativo'),
  (372, 'Giovana da Fátima Venzon', 'Ativo'),
  (82, 'Gislaine Roveda Della Giustina', 'Ativo'),
  (373, 'Giuliana Chedid Padilha', 'Ativo'),
  (83, 'Glades Velho Cavaletti Bizutti', 'Ativo'),
  (84, 'Graciele Berno Capinos', 'Ativo'),
  (374, 'Grasiele de Freitas', 'Ativo'),
  (85, 'Greice Caroline Padilha Picinin', 'Ativo'),
  (86, 'Helena Soares Santos', 'Ativo'),
  (375, 'Henriqueta Bione Braga Ribeiro', 'Ativo'),
  (376, 'Iara Roveda de Oliveira', 'Ativo'),
  (377, 'Ideliane da Silva Vida', 'Ativo'),
  (598, 'Ilzabel Vieira da Rosa', 'Ativo'),
  (378, 'Infância Bonês Freitas', 'Ativo'),
  (87, 'Iolanda Roveda', 'Ativo'),
  (88, 'Ivanesca Zingalli Cunha', 'Ativo'),
  (89, 'Ivanete Soares Salvador', 'Ativo'),
  (90, 'Ivanira da Rosa Piasetzni', 'Ativo'),
  (379, 'Ivete Vieira Kern', 'Ativo'),
  (91, 'Ivy Yasmin Cândido Reis da Silva', 'Ativo'),
  (380, 'Janaina Fernandes Reis do Nascimento Padilha', 'Ativo'),
  (92, 'Janara de Melo Pereira', 'Ativo'),
  (94, 'Janaíne Terres Da Mota', 'Ativo'),
  (93, 'Janete Alves Duarte', 'Ativo'),
  (381, 'Janete Teresinha Roveda da Silva', 'Ativo'),
  (382, 'Jaqueline Almeida Carlotto', 'Ativo'),
  (96, 'Jaqueline Ferreira de Lima', 'Ativo'),
  (383, 'Jaqueline Lovatel', 'Ativo'),
  (384, 'Jaqueline Ribeiro de Jesus', 'Ativo'),
  (385, 'Jaqueline Santos Varela', 'Ativo'),
  (95, 'Jaqueline de Souza Madel', 'Ativo'),
  (386, 'Jaúna Marluza Kramer Barbizan', 'Ativo'),
  (387, 'Jocemar Luis Rodrigues de Souza', 'Ativo'),
  (388, 'Jocenice Ziliotto Pichetti', 'Ativo'),
  (101, 'Jocélia da Silva Antunes da Boita', 'Ativo'),
  (102, 'Joelma Paim Bernardi', 'Ativo'),
  (389, 'Joindiane do Amaral de Paula Haskel', 'Ativo'),
  (390, 'Joseane Borges Barbosa', 'Ativo'),
  (391, 'Josecler da Silva Zanatto', 'Ativo'),
  (392, 'Josiane Alves dos Santos Marques', 'Ativo'),
  (103, 'Josiane Aparecida Menegat', 'Ativo'),
  (393, 'Josiane Jesus Martins', 'Ativo'),
  (394, 'Josiane Regina Telles Basso', 'Ativo'),
  (395, 'Josimeri Basso Bundchen', 'Ativo'),
  (396, 'João Felipe Garcia da Costa', 'Ativo'),
  (397, 'João Vitor Duarte Gomes', 'Ativo'),
  (104, 'Jucieli Leite da Silva', 'Ativo'),
  (105, 'Julia Robertha Boeira de Vargas', 'Ativo'),
  (398, 'Juliana Almeida de Oliveira', 'Ativo'),
  (106, 'Juliana Freitas Gobeti', 'Ativo'),
  (107, 'Juliana Nunes Parizotto', 'Ativo'),
  (108, 'Juliana Olina Mello Pires', 'Ativo'),
  (399, 'Juliana Olina Melo Pires', 'Ativo'),
  (400, 'Juliana Ramos de Godoi', 'Ativo'),
  (401, 'Juliane Muniz da Silva', 'Ativo'),
  (402, 'Juliano Gonçalves Fernandes', 'Ativo'),
  (109, 'Juliê de Andrade Boz', 'Ativo'),
  (97, 'Jéssica Arnoldo Pereira', 'Ativo'),
  (403, 'Jéssica Lima Teles', 'Ativo'),
  (99, 'Jéssica Lipreri Maciel', 'Ativo'),
  (404, 'Jéssica Oliveira Maciel', 'Ativo'),
  (100, 'Jéssica Parizotte Zenatto', 'Ativo'),
  (405, 'Jéssica da Chagas Nazário', 'Ativo'),
  (98, 'Jéssica da Silva Padilha', 'Ativo'),
  (406, 'Jéssica de Oliveira Girotto', 'Ativo'),
  (110, 'Karina Roveda Boeira', 'Ativo'),
  (407, 'Karine Borges dos Santos', 'Ativo'),
  (111, 'Karoline Nunes de Oliveira', 'Ativo'),
  (408, 'Katia Margareth Nery Guagnini', 'Ativo'),
  (409, 'Kelin de Lima', 'Ativo'),
  (112, 'Kelly Stedille Destefane', 'Ativo'),
  (410, 'Laira Borges Dutra', 'Ativo'),
  (411, 'Laise Pinto Barpe', 'Ativo'),
  (599, 'Larissa Gabriela Rodrigues', 'Ativo'),
  (114, 'Larissa Girotto da Cunha', 'Ativo'),
  (412, 'Larissa Rodrigues Duarte', 'Ativo'),
  (413, 'Laura Bueno Gomes Oliveira', 'Ativo'),
  (115, 'Laura dos Santos Duarte', 'Ativo'),
  (414, 'Laurita Maria Baldin', 'Ativo'),
  (113, 'Laís Boeira Trevisan', 'Ativo'),
  (415, 'Laíse Ziliotto Hoffmann', 'Ativo'),
  (416, 'Leila Fiorentin Vargas Subtil', 'Ativo'),
  (116, 'Leila Lemaris Padilha de Almeida', 'Ativo'),
  (417, 'Leila Tais da Silva Boeira', 'Ativo'),
  (117, 'Leila Teresinha de Lima Boz', 'Ativo'),
  (418, 'Lenita de Oliveira Mendes Maciel', 'Ativo'),
  (419, 'Letícia Gargione Camargo', 'Ativo'),
  (420, 'Letícia de Lemos Perin', 'Ativo'),
  (421, 'Lidiane Paiz de Souza Scaim', 'Ativo'),
  (118, 'Lidiane Vanzetto Zoraski', 'Ativo'),
  (422, 'Liege Quintella Dian', 'Ativo'),
  (423, 'Lilian Luisa Novello', 'Ativo'),
  (424, 'Liliane Aparecida Grechuski Boff', 'Ativo'),
  (425, 'Liliane Goreti Trentin Silva', 'Ativo'),
  (119, 'Liliane Kronbauer Biegelmeier', 'Ativo'),
  (426, 'Liliane Teles de Lima', 'Ativo'),
  (427, 'Liniker Maciel de Almeida', 'Ativo'),
  (428, 'Lisiane Costa da Cruz', 'Ativo'),
  (429, 'Lisiane Lazari Armiliato', 'Ativo'),
  (120, 'Lisiane Soares Maciel', 'Ativo'),
  (430, 'Lisiara Guazzelli Borsoi', 'Ativo'),
  (431, 'Louisiane Bresciani Weber', 'Ativo'),
  (121, 'Lourdes de Moraes Oliveira', 'Ativo'),
  (432, 'Luana da Silva Padilha', 'Ativo'),
  (433, 'Luana da Silva Passarin', 'Ativo'),
  (600, 'Luane Aparecida Fernandes Borges', 'Ativo'),
  (434, 'Lucas Daniel Fernandes Silva', 'Ativo'),
  (435, 'Luciana Andrea Basso Brito', 'Ativo'),
  (122, 'Luciana Aparecida Zeloazowski', 'Ativo'),
  (123, 'Luciana Araceli Capanema Fernandes', 'Ativo'),
  (436, 'Luciana Brustolin Corá', 'Ativo'),
  (437, 'Luciana Gallio Andrighetti', 'Ativo'),
  (438, 'Luciana Kuse de Vargas Candido', 'Ativo'),
  (125, 'Luciana Lodi Torezan', 'Ativo'),
  (439, 'Luciana Soares Boeira', 'Ativo'),
  (440, 'Luciana de Fátima Pires Puerari', 'Ativo'),
  (124, 'Luciana dos Santos Melo', 'Ativo'),
  (127, 'Luciane Fátima de Abreu Ribeiro', 'Ativo'),
  (126, 'Luciane da Silva Braga', 'Ativo'),
  (441, 'Lucidalva Moura Menezes', 'Ativo'),
  (129, 'Lucimara de Fátima Soares Duarte Zandoná', 'Ativo'),
  (442, 'Lucinara Kramer', 'Ativo'),
  (128, 'Luciélli Ferreira', 'Ativo'),
  (601, 'Lusamara de Mello', 'Ativo'),
  (130, 'Luzia Maciel Rech', 'Ativo'),
  (443, 'Lúcia de Cássia Grechuski', 'Ativo'),
  (132, 'Madelaine Hoffmann', 'Ativo'),
  (131, 'Madelaine dos Santos Hoffmann', 'Ativo'),
  (444, 'Maiara Oliboni Carneiro Vieira', 'Ativo'),
  (445, 'Manoela Boeira da Silva', 'Ativo'),
  (134, 'Manoela Grazziotin Rodrigues', 'Ativo'),
  (133, 'Manoela de Lima Melotto Prado', 'Ativo'),
  (446, 'Mara Regina dos Santos Silva', 'Ativo'),
  (447, 'Mara Rejane Catarini Longhi', 'Ativo'),
  (448, 'Marcelis Pinto Paim', 'Ativo'),
  (449, 'Marcieli Quadri Barbosa', 'Ativo'),
  (450, 'Marcionira', 'Ativo'),
  (451, 'Marcionira Acauan da Silva Varaschin', 'Ativo'),
  (602, 'Marcírio Vicente Pacheco', 'Ativo'),
  (452, 'Maria Antônia Grigolo Borges', 'Ativo'),
  (603, 'Maria Clara de Aguiar Destefani', 'Ativo'),
  (453, 'Maria Claudinéia Felipe', 'Ativo'),
  (135, 'Maria Eduarda Fiorio Silva', 'Ativo'),
  (136, 'Maria Elisabete Fernandes', 'Ativo'),
  (454, 'Maria Elisete Soares Valim', 'Ativo'),
  (455, 'Maria Isabel Manetti Fortes', 'Ativo'),
  (137, 'Maria Jardelene Lopes Higuera', 'Ativo'),
  (456, 'Maria Luci da Silva Benvenutti', 'Ativo'),
  (457, 'Maria Regina Pinheiro Klipel', 'Ativo');
insert into professores (id, nome, status) values
  (458, 'Maria Tereza Lisboa Maciel', 'Ativo'),
  (459, 'Mariana da Costa Goulart', 'Ativo'),
  (460, 'Mariane Freitas Sutil', 'Ativo'),
  (461, 'Mariane Inês Post Michels', 'Ativo'),
  (138, 'Mariele Bortolaci Borges', 'Ativo'),
  (139, 'Mariele de Souza Velsck', 'Ativo'),
  (140, 'Mariele de Vargas Silva', 'Ativo'),
  (141, 'Marieli Paim de Lima', 'Ativo'),
  (604, 'Marilene Catarina Destefani', 'Ativo'),
  (462, 'Marilis Teles Cordova', 'Ativo'),
  (463, 'Marilse Rosana da Boita Schuantes', 'Ativo'),
  (464, 'Marilza Aparecida Moraes Pereira', 'Ativo'),
  (465, 'Marinês Panisson Mussatto', 'Ativo'),
  (466, 'Marislei Boeno Boeira', 'Ativo'),
  (143, 'Marislei de Fátima Arnoldo', 'Ativo'),
  (467, 'Marivone Gonçalves de Lima', 'Ativo'),
  (468, 'Marlene Marcolin', 'Ativo'),
  (469, 'Marlene de Fátima Scherner Longhi', 'Ativo'),
  (470, 'Marli Angelita Rodrigues Maciel', 'Ativo'),
  (144, 'Marli Marques Boeira', 'Ativo'),
  (471, 'Marli Teresinha de Oliveira da Silva', 'Ativo'),
  (472, 'Marli Vargas de Lemos', 'Ativo'),
  (145, 'Marlise Salete Arnoldo Poletto', 'Ativo'),
  (473, 'Marta Pagno Destefani', 'Ativo'),
  (474, 'Mary Lúcia Kramer Camargo', 'Ativo'),
  (475, 'Marília Scopel Andrighetti', 'Ativo'),
  (142, 'Marília de Camargo Vieira', 'Ativo'),
  (476, 'Mauricio Machado Minuzzo', 'Ativo'),
  (146, 'Meg Mattos de Oliveira', 'Ativo'),
  (477, 'Merieli Cechinato Zanella Arias', 'Ativo'),
  (478, 'Micael Brambilla Pellizzer', 'Ativo'),
  (147, 'Michele Barbosa Kruger', 'Ativo'),
  (148, 'Michele Corrêa da Silva Ribeiro', 'Ativo'),
  (479, 'Michele Cristina Suzin', 'Ativo'),
  (149, 'Michele Martello da Silva', 'Ativo'),
  (480, 'Michele Toigo', 'Ativo'),
  (481, 'Michele da Silva Toigo', 'Ativo'),
  (151, 'Milena Ferreira Santos', 'Ativo'),
  (482, 'Milena Grion Basso', 'Ativo'),
  (483, 'Milena da Motta Paim Silveira', 'Ativo'),
  (484, 'Milena da Silva Borges', 'Ativo'),
  (150, 'Milena de Andrade Silveira', 'Ativo'),
  (485, 'Miriam Terezinha Varella de Freitas', 'Ativo'),
  (486, 'Mirieli de Moraes Ceron Pereira', 'Ativo'),
  (152, 'Monalisa Gisa Pereira Ferreira', 'Ativo'),
  (153, 'Morgana Ballardin Pontel', 'Ativo'),
  (487, 'Morgana Zanella Boldo', 'Ativo'),
  (154, 'Morgana Zulian Soares', 'Ativo'),
  (155, 'Morgani de Campos Costa', 'Ativo'),
  (488, 'Márcia Cristina Ribeiro dos Santos Rockenbach', 'Ativo'),
  (489, 'Márcia Martello da Silva', 'Ativo'),
  (490, 'Márcia Varela Borges', 'Ativo'),
  (491, 'Móises Guedes Martins', 'Ativo'),
  (492, 'Mônica Bizotto', 'Ativo'),
  (605, 'Mônica Longhi Soranso', 'Ativo'),
  (493, 'Naira Moresco', 'Ativo'),
  (494, 'Naira Tereza Vanz', 'Ativo'),
  (495, 'Nara Setembrina Roveda de Oliveira', 'Ativo'),
  (156, 'Natiele Bortolaci Borges', 'Ativo'),
  (606, 'Natália Boff Letti', 'Ativo'),
  (496, 'Natália Marin Dambrós', 'Ativo'),
  (497, 'Neiva Juçara Parizotto Marciano', 'Ativo'),
  (498, 'Nilva Michelon', 'Ativo'),
  (157, 'Nilva Moraes de Camargo', 'Ativo'),
  (499, 'Niqueli de Candido Viacelli', 'Ativo'),
  (500, 'Nivalda', 'Ativo'),
  (501, 'Nivalda de Souza Figueiró', 'Ativo'),
  (158, 'Oraide Suzana Antunes Bittencourt', 'Ativo'),
  (502, 'Pakiza Elias Borges', 'Ativo'),
  (503, 'Paloma Pereira Ferreira', 'Ativo'),
  (166, 'Patricia Rodrigues Maciel', 'Ativo'),
  (504, 'Patrícia Bocchese Ribeiro de Araújo', 'Ativo'),
  (162, 'Patrícia Braga', 'Ativo'),
  (163, 'Patrícia Cândido Alves', 'Ativo'),
  (505, 'Patrícia Kern Melek', 'Ativo'),
  (506, 'Patrícia Lourdes da Luz Braga Pinto', 'Ativo'),
  (507, 'Patrícia Samanta de Anndrade Bergental', 'Ativo'),
  (508, 'Patrícia Zardo Rodrigues', 'Ativo'),
  (164, 'Patrícia da Rocha Dotti', 'Ativo'),
  (165, 'Patrícia da Silva Stédile', 'Ativo'),
  (509, 'Patrícia de Andrade', 'Ativo'),
  (510, 'Paula Eliane de Rossi Zanotto', 'Ativo'),
  (511, 'Paula Regina Zulian de Lima', 'Ativo'),
  (512, 'Paulo Gilberto dos Santos Silva Filho', 'Ativo'),
  (172, 'Prescila Zanchet Bertoni', 'Ativo'),
  (168, 'Priscila Dall''Gnol Pimentel', 'Ativo'),
  (169, 'Priscila Kern Melek', 'Ativo'),
  (170, 'Priscila Marin Bernardi', 'Ativo'),
  (171, 'Priscila Zardo Rodrigues', 'Ativo'),
  (167, 'Priscila da Silva Stédile', 'Ativo'),
  (159, 'Pâmela Caroline Lima de Lima', 'Ativo'),
  (160, 'Pâmela de Jesus Cardoso Ferreira', 'Ativo'),
  (161, 'Pâmella Éthina Venzon Siqueira', 'Ativo'),
  (513, 'Quelen Cristina Pires', 'Ativo'),
  (514, 'Quelen Rose Perin', 'Ativo'),
  (515, 'Quéli de Godói Pires', 'Ativo'),
  (516, 'Rafael Grasel', 'Ativo'),
  (173, 'Rafaela Andrighetti de Souza', 'Ativo'),
  (174, 'Rafaela Soares Teixeira Bartnicki', 'Ativo'),
  (517, 'Rafaela da Silva Lemos', 'Ativo'),
  (518, 'Ramon Andrade de Castro', 'Ativo'),
  (175, 'Raquel Gargioni da Silva', 'Ativo'),
  (519, 'Raquel Letti Araldi', 'Ativo'),
  (520, 'Raquel Maciel Lopes', 'Ativo'),
  (521, 'Raquel Pereira da Costa', 'Ativo'),
  (522, 'Raquel dos Santos Melo', 'Ativo'),
  (523, 'Regiane Borges da Silva', 'Ativo'),
  (524, 'Rejane Armiliato de Campos Perotoni', 'Ativo'),
  (525, 'Remigio de Jesus Abreu', 'Ativo'),
  (526, 'Remígio de Jesus Abreu', 'Ativo'),
  (527, 'Renata Gonçalves Sates', 'Ativo'),
  (528, 'Renata Grazziotin Ferreira Ceron', 'Ativo'),
  (177, 'Renata Serpa Soares', 'Ativo'),
  (178, 'Renata Soares Teixeira Vigolo', 'Ativo'),
  (529, 'Renata Zanella Aciolly', 'Ativo'),
  (176, 'Renata dos Santos Andrade', 'Ativo'),
  (180, 'Roberta da Roza Andriguetti', 'Ativo'),
  (179, 'Roberta de Andrade Silveira Costa', 'Ativo'),
  (183, 'Rosalva de Oliveira Ramos', 'Ativo'),
  (181, 'Rosana Albertina Stedile', 'Ativo'),
  (182, 'Rosana Santos Gozzi', 'Ativo'),
  (607, 'Rosane Andreola da Rosa', 'Ativo'),
  (530, 'Rosanea Maria Buratto Vieira', 'Ativo'),
  (531, 'Roselaine Oliboni do Amaral', 'Ativo'),
  (532, 'Roselane Rodrigues dos Santos', 'Ativo'),
  (185, 'Roselara Faria Guisolfi', 'Ativo'),
  (184, 'Roseli Fátima Oliveira da Silva', 'Ativo'),
  (533, 'Roseli Oliboni do Amaral', 'Ativo'),
  (534, 'Rosiani Spanholi', 'Ativo'),
  (186, 'Rosilete dos Santos', 'Ativo'),
  (187, 'Rosmari Bisotto', 'Ativo'),
  (535, 'Rosmari Bizotto', 'Ativo'),
  (608, 'Rosângela Delfes', 'Ativo'),
  (536, 'Rosângela da Silva Fichel', 'Ativo'),
  (537, 'Rúbia Maristela Teixeira Menegat', 'Ativo'),
  (538, 'Sabrina Teles de Meneghi', 'Ativo'),
  (539, 'Salete Verza Maciel', 'Ativo'),
  (189, 'Samantha de Sousa Foscarine', 'Ativo'),
  (188, 'Samantha de Sousa Foscarini', 'Ativo'),
  (540, 'Samara Beatriz Perim Parisotto', 'Ativo'),
  (541, 'Sandra de Fátima Trevizan de Matos', 'Ativo'),
  (542, 'Sandra de Lourdes Vargas de Braga', 'Ativo'),
  (543, 'Sara Simone Rodrigues Moreira', 'Ativo'),
  (544, 'Selena Corrêa da Costa', 'Ativo'),
  (545, 'Selmari Etelvina Souza da Silva', 'Ativo'),
  (546, 'Shanna Peixoto Benato', 'Ativo'),
  (547, 'Shayane Lisboa dos Reis', 'Ativo'),
  (190, 'Silvana Costa Vieira', 'Ativo'),
  (548, 'Silvana Longhi', 'Ativo'),
  (549, 'Silvana Portela Iencen', 'Ativo'),
  (550, 'Silvana Silveira Dias', 'Ativo'),
  (551, 'Silvia Regina Ramos Bastos', 'Ativo'),
  (191, 'Silvia Rejane Costa Manozzo', 'Ativo'),
  (609, 'Silza Jalusa Carneiro Manfredi', 'Ativo'),
  (192, 'Simone Fátima de Souza Silva', 'Ativo'),
  (193, 'Simone Fátima de Souza Silva Silva', 'Ativo'),
  (552, 'Simone Garcia da Silva', 'Ativo'),
  (553, 'Simone Nery Gehlen', 'Ativo'),
  (194, 'Sirlei Nilza Silva Vieira', 'Ativo'),
  (554, 'Solange Barella Zaffonato', 'Ativo'),
  (555, 'Solange da Silva Fichel', 'Ativo'),
  (610, 'Sthefhanny Priscila Boeira de Vargas', 'Ativo'),
  (611, 'Suelem Helena Monteiro', 'Ativo'),
  (556, 'Suelen Cristiane de Almeida Orsi', 'Ativo'),
  (197, 'Suelen Longhi D''Ambros', 'Ativo'),
  (198, 'Suelen Ribeiro Oliveira', 'Ativo'),
  (196, 'Suelen da Silva Susin', 'Ativo'),
  (612, 'Sumara Amarante Guagnini', 'Ativo'),
  (199, 'Susana Vieira Borges', 'Ativo'),
  (200, 'Susete Fátima da Cruz Santos', 'Ativo'),
  (557, 'Suzete Rodrigues', 'Ativo'),
  (195, 'Sônia Almeida Rossi', 'Ativo'),
  (558, 'Sônia Sgarbosa', 'Ativo'),
  (613, 'Tainá Pires', 'Ativo'),
  (559, 'Taisa Guazzelli Borsoi', 'Ativo'),
  (560, 'Taise Cararo Camatti', 'Ativo'),
  (561, 'Tales Bettanin Bertoni', 'Ativo'),
  (562, 'Taline Dalla Giacomassa Tessaro', 'Ativo'),
  (201, 'Tamara Cristina Corona', 'Ativo'),
  (563, 'Tamiris Della Giustina Luiz Fernandes', 'Ativo'),
  (202, 'Tatiana Roveda Bizotto', 'Ativo'),
  (564, 'Tatiane Panassol Prandi', 'Ativo'),
  (565, 'Taís Citon Vieira', 'Ativo'),
  (566, 'Taíse Panassol', 'Ativo'),
  (567, 'Taíse do Rosário Souza de Campos', 'Ativo'),
  (203, 'Teresa Carolina Zamboni Camargo', 'Ativo'),
  (568, 'Thaís Vasconcelos Franco de Sá Ávila', 'Ativo'),
  (569, 'Tricia', 'Ativo'),
  (570, 'Trícia Souza dos Anjos', 'Ativo'),
  (614, 'Tânia Pegoraro Giusti', 'Ativo'),
  (571, 'Tânia Petry Frazão', 'Ativo'),
  (572, 'Valdecir Paulo Longhi Junior', 'Ativo'),
  (204, 'Valdirene Marques Borges', 'Ativo'),
  (205, 'Valquiria Dalsolio Paloschi', 'Ativo'),
  (573, 'Valquiria Moschen', 'Ativo'),
  (574, 'Vanessa Gasperin', 'Ativo'),
  (206, 'Vanessa Valim Moreto Figueiró', 'Ativo'),
  (575, 'Vera Leonor dos Santos Fonseca', 'Ativo'),
  (576, 'Vera Lucia Valim Rosa', 'Ativo'),
  (577, 'Vera Lúcia Maciel Teles', 'Ativo');
insert into professores (id, nome, status) values
  (578, 'Vera Lúcia da Silva Abreu', 'Ativo'),
  (207, 'Verônica Joseane Pagno', 'Ativo'),
  (579, 'Vitor Mateus da Silva Nascimento', 'Ativo'),
  (580, 'Vivian Camargo de Vargas', 'Ativo'),
  (208, 'Viviana Padilho de Oliveira Vieira', 'Ativo'),
  (209, 'Viviane Costa', 'Ativo'),
  (581, 'Viviane Deluchi Arcari', 'Ativo'),
  (211, 'Viviane Ebertz Alves', 'Ativo'),
  (212, 'Viviane Minella', 'Ativo'),
  (582, 'Viviane Prux Branco', 'Ativo'),
  (210, 'Viviane da Paixão Lisboa Luz', 'Ativo'),
  (583, 'Viviane da Silva Lemes', 'Ativo'),
  (584, 'Wanessa Inês Bragaglia da Silveira', 'Ativo'),
  (585, 'Welinton Antero Lima de Campos', 'Ativo');
select setval('professores_id_seq', (select max(id) from professores));

-- ─── NOMEAÇÕES ─────────────────────────────────────────────
insert into nomeacoes (id, professor_id, escola_id, observacoes) values
  (1, 213, 13, null),
  (2, 214, 20, null),
  (3, 215, 17, null),
  (4, 218, 25, null),
  (5, 219, 24, null),
  (6, 220, 21, null),
  (7, 221, 18, null),
  (8, 216, 14, null),
  (9, 216, 14, null),
  (10, 217, 15, null),
  (11, 217, 22, null),
  (12, 222, 13, null),
  (13, 223, 14, null),
  (14, 223, 14, null),
  (15, 1, 9, null),
  (16, 224, 17, null),
  (17, 225, 16, null),
  (18, 225, 16, null),
  (19, 2, 11, null),
  (20, 2, 30, 'Transferida para a EMEF Santa Maria Goreti em 13/04/2026'),
  (21, 3, 4, null),
  (22, 226, 20, null),
  (23, 227, 18, null),
  (24, 5, 8, null),
  (25, 4, 8, null),
  (26, 6, 4, null),
  (27, 228, 21, null),
  (28, 228, 21, null),
  (29, 7, 11, null),
  (30, 7, 25, null),
  (31, 586, 26, null),
  (32, 587, 28, '2 nomeações na mesma escola'),
  (33, 587, 28, '2 nomeações na mesma escola'),
  (34, 9, 7, null),
  (35, 10, 10, null),
  (36, 8, 5, null),
  (37, 229, 13, null),
  (38, 230, 17, null),
  (39, 11, 10, null),
  (40, 12, 7, null),
  (41, 231, 23, null),
  (42, 232, 14, null),
  (43, 14, 9, null),
  (44, 14, 15, null),
  (45, 13, 8, null),
  (46, 15, 10, null),
  (47, 233, 25, null),
  (48, 16, 11, null),
  (49, 234, 20, null),
  (50, 235, 22, null),
  (51, 17, 12, null),
  (52, 17, 10, null),
  (53, 17, 3, null),
  (54, 588, 27, '2 nomeações na mesma escola'),
  (55, 588, 27, '2 nomeações na mesma escola'),
  (56, 236, 14, null),
  (57, 18, 2, null),
  (58, 237, 14, null),
  (59, 238, 24, null),
  (60, 239, 22, null),
  (61, 19, 6, null),
  (62, 240, 21, null),
  (63, 241, 23, null),
  (64, 242, 17, null),
  (65, 242, 17, null),
  (66, 243, 17, null),
  (67, 243, 17, null),
  (68, 244, 17, null),
  (69, 245, 25, null),
  (70, 246, 16, null),
  (71, 247, 22, null),
  (72, 248, 13, null),
  (73, 20, 10, null),
  (74, 249, 13, null),
  (75, 21, 10, null),
  (76, 250, 24, null),
  (77, 22, 3, null),
  (78, 23, 3, null),
  (79, 251, 25, null),
  (80, 253, 22, null),
  (81, 252, 24, null),
  (82, 254, 18, null),
  (83, 255, 20, null),
  (84, 256, 24, null),
  (85, 257, 25, null),
  (86, 24, 7, null),
  (87, 258, 24, null),
  (88, 259, 24, null),
  (89, 25, 2, null),
  (90, 260, 14, null),
  (91, 261, 15, null),
  (92, 262, 19, null),
  (93, 262, 19, null),
  (94, 263, 20, null),
  (95, 26, 6, null),
  (96, 264, 22, null),
  (97, 265, 18, null),
  (98, 27, 12, null),
  (99, 266, 19, null),
  (100, 267, 15, null),
  (101, 268, 22, null),
  (102, 29, 3, null),
  (103, 30, 11, null),
  (104, 31, 2, null),
  (105, 32, 5, null),
  (106, 28, 6, null),
  (107, 33, 8, null),
  (108, 269, 19, null),
  (109, 34, 12, null),
  (110, 35, 6, null),
  (111, 36, 3, null),
  (112, 270, 13, null),
  (113, 271, 14, null),
  (114, 271, 24, null),
  (115, 272, 15, null),
  (116, 272, 15, null),
  (117, 273, 22, null),
  (118, 273, 22, null),
  (119, 274, 25, null),
  (120, 275, 22, null),
  (121, 276, 22, null),
  (122, 277, 21, null),
  (123, 278, 20, null),
  (124, 279, 24, null),
  (125, 589, 28, null),
  (126, 280, 17, null),
  (127, 280, 17, null),
  (128, 37, 8, null),
  (129, 38, 9, null),
  (130, 40, 5, null),
  (131, 39, 7, null),
  (132, 281, 22, null),
  (133, 282, 25, null),
  (134, 283, 22, null),
  (135, 283, 22, null),
  (136, 284, 21, null),
  (137, 284, 21, null),
  (138, 285, 24, null),
  (139, 286, 17, null),
  (140, 287, 24, null),
  (141, 42, 6, null),
  (142, 288, 20, null),
  (143, 44, 3, null),
  (144, 289, 21, null),
  (145, 290, 15, null),
  (146, 290, 15, null),
  (147, 291, 24, null),
  (148, 591, 29, null),
  (149, 41, 7, null),
  (150, 292, 14, null),
  (151, 292, 14, null),
  (152, 43, 5, null),
  (153, 45, 8, null),
  (154, 46, 6, null),
  (155, 293, 21, null),
  (156, 294, 21, null),
  (157, 294, 21, null),
  (158, 590, 28, null),
  (159, 295, 14, null),
  (160, 295, 14, null),
  (161, 296, 15, null),
  (162, 296, 16, null),
  (163, 297, 16, null),
  (164, 297, 28, null),
  (165, 298, 21, null),
  (166, 47, 8, null),
  (167, 48, 6, null),
  (168, 48, 6, null),
  (169, 299, 20, null),
  (170, 300, 21, null),
  (171, 592, 29, '2 nomeações na mesma escola'),
  (172, 592, 29, '2 nomeações na mesma escola'),
  (173, 49, 4, null),
  (174, 301, 20, null),
  (175, 302, 23, null),
  (176, 303, 15, null),
  (177, 304, 21, null),
  (178, 50, 10, null),
  (179, 51, 8, null),
  (180, 305, 24, null),
  (181, 306, 17, null),
  (182, 306, 17, null),
  (183, 307, 17, null),
  (184, 308, 20, null),
  (185, 309, 22, null),
  (186, 310, 21, null),
  (187, 56, 11, null),
  (188, 57, 8, null),
  (189, 311, 21, null),
  (190, 312, 14, null),
  (191, 593, 28, null),
  (192, 313, 13, null),
  (193, 314, 19, null),
  (194, 58, 4, null),
  (195, 315, 18, null),
  (196, 316, 21, null),
  (197, 316, 21, null),
  (198, 317, 18, null),
  (199, 53, 11, null),
  (200, 54, 2, null),
  (201, 55, 6, null),
  (202, 52, 10, null),
  (203, 594, 26, '2 nomeações na mesma escola'),
  (204, 594, 26, '2 nomeações na mesma escola'),
  (205, 318, 16, null),
  (206, 60, 9, null),
  (207, 319, 14, null),
  (208, 61, 4, null),
  (209, 59, 4, null),
  (210, 320, 17, null),
  (211, 321, 20, null),
  (212, 63, 8, null),
  (213, 322, 20, null),
  (214, 323, 21, null),
  (215, 324, 21, null),
  (216, 324, 21, null),
  (217, 62, 12, null),
  (218, 325, 13, null),
  (219, 326, 21, null),
  (220, 327, 14, null),
  (221, 327, 14, null),
  (222, 595, 26, '2 nomeações na mesma escola'),
  (223, 595, 26, '2 nomeações na mesma escola'),
  (224, 328, 19, null),
  (225, 328, 19, null),
  (226, 66, 4, null),
  (227, 329, 22, null),
  (228, 329, 22, null),
  (229, 330, 21, null),
  (230, 330, 21, null),
  (231, 331, 24, null),
  (232, 67, 4, null),
  (233, 68, 11, null),
  (234, 332, 21, null),
  (235, 69, 6, null),
  (236, 69, 16, null),
  (237, 70, 12, null),
  (238, 596, 29, '2 nomeações na mesma escola'),
  (239, 596, 29, '2 nomeações na mesma escola'),
  (240, 71, 9, null),
  (241, 333, 24, null),
  (242, 334, 22, null),
  (243, 335, 24, null),
  (244, 336, 17, null),
  (245, 64, 12, null),
  (246, 65, 5, null),
  (247, 337, 25, null),
  (248, 338, 14, null),
  (249, 339, 13, null),
  (250, 340, 24, null),
  (251, 341, 25, null),
  (252, 72, 10, null),
  (253, 342, 25, null),
  (254, 73, 4, null),
  (255, 343, 13, null),
  (256, 344, 25, null),
  (257, 345, 18, null),
  (258, 346, 16, null),
  (259, 346, 24, null),
  (260, 347, 22, null),
  (261, 348, 23, null),
  (262, 349, 15, null),
  (263, 74, 1, null),
  (264, 75, 10, null),
  (265, 350, 18, null),
  (266, 351, 20, null),
  (267, 352, 25, null),
  (268, 353, 25, null),
  (269, 354, 17, null),
  (270, 355, 16, null),
  (271, 597, 26, null),
  (272, 76, 7, null),
  (273, 356, 20, null),
  (274, 77, 7, null),
  (275, 357, 13, null),
  (276, 78, 7, null),
  (277, 358, 16, null),
  (278, 358, 22, null),
  (279, 359, 15, null),
  (280, 359, 15, null),
  (281, 360, 17, null),
  (282, 361, 23, null),
  (283, 79, 5, null),
  (284, 362, 20, null),
  (285, 362, 25, null),
  (286, 363, 14, null),
  (287, 363, 14, null),
  (288, 80, 3, null),
  (289, 364, 22, null),
  (290, 365, 21, null),
  (291, 366, 15, null),
  (292, 366, 15, null),
  (293, 81, 4, null),
  (294, 367, 21, null),
  (295, 368, 20, null),
  (296, 369, 14, null),
  (297, 369, 16, null),
  (298, 369, 16, null),
  (299, 370, 13, null),
  (300, 371, 20, null);
insert into nomeacoes (id, professor_id, escola_id, observacoes) values
  (301, 372, 25, null),
  (302, 82, 2, null),
  (303, 373, 22, null),
  (304, 373, 22, null),
  (305, 83, 11, null),
  (306, 84, 11, null),
  (307, 374, 19, null),
  (308, 85, 5, null),
  (309, 85, 21, null),
  (310, 86, 11, null),
  (311, 86, 24, null),
  (312, 375, 14, null),
  (313, 376, 13, null),
  (314, 377, 17, null),
  (315, 598, 29, '2 nomeações na mesma escola'),
  (316, 598, 29, '2 nomeações na mesma escola'),
  (317, 378, 19, null),
  (318, 87, 4, null),
  (319, 88, 10, null),
  (320, 89, 3, null),
  (321, 90, 12, null),
  (322, 379, 24, null),
  (323, 91, 9, null),
  (324, 380, 24, null),
  (325, 92, 4, null),
  (326, 94, 8, null),
  (327, 93, 2, null),
  (328, 381, 20, null),
  (329, 382, 16, null),
  (330, 382, 16, null),
  (331, 96, 7, null),
  (332, 96, 19, null),
  (333, 383, 15, null),
  (334, 383, 15, null),
  (335, 384, 17, null),
  (336, 385, 24, null),
  (337, 95, 7, null),
  (338, 386, 15, null),
  (339, 387, 14, null),
  (340, 388, 14, null),
  (341, 101, 12, null),
  (342, 102, 5, null),
  (343, 389, 19, null),
  (344, 389, 19, null),
  (345, 390, 24, null),
  (346, 391, 14, null),
  (347, 392, 13, null),
  (348, 103, 12, null),
  (349, 393, 25, null),
  (350, 394, 13, null),
  (351, 395, 23, null),
  (352, 396, 15, null),
  (353, 397, 25, null),
  (354, 104, 5, null),
  (355, 105, 6, null),
  (356, 398, 19, null),
  (357, 106, 10, null),
  (358, 107, 5, null),
  (359, 108, 3, null),
  (360, 399, 19, null),
  (361, 400, 13, null),
  (362, 401, 17, null),
  (363, 402, 23, null),
  (364, 109, 4, null),
  (365, 97, 7, null),
  (366, 403, 18, null),
  (367, 99, 2, null),
  (368, 99, 4, null),
  (369, 404, 23, null),
  (370, 100, 7, null),
  (371, 100, 21, null),
  (372, 405, 15, null),
  (373, 98, 3, null),
  (374, 406, 23, null),
  (375, 110, 12, null),
  (376, 407, 22, null),
  (377, 111, 8, null),
  (378, 111, 20, null),
  (379, 408, 14, null),
  (380, 409, 14, null),
  (381, 409, 14, null),
  (382, 112, 12, null),
  (383, 410, 21, null),
  (384, 411, 19, null),
  (385, 599, 29, null),
  (386, 114, 4, null),
  (387, 412, 21, null),
  (388, 413, 21, null),
  (389, 115, 10, null),
  (390, 414, 20, null),
  (391, 113, 10, null),
  (392, 415, 23, null),
  (393, 416, 23, null),
  (394, 116, 2, null),
  (395, 116, 17, null),
  (396, 417, 18, null),
  (397, 117, 12, null),
  (398, 418, 25, null),
  (399, 419, 23, null),
  (400, 420, 23, null),
  (401, 421, 18, null),
  (402, 118, 9, null),
  (403, 422, 17, null),
  (404, 423, 18, null),
  (405, 424, 21, null),
  (406, 425, 14, null),
  (407, 119, 2, null),
  (408, 426, 21, null),
  (409, 426, 21, null),
  (410, 427, 21, null),
  (411, 428, 13, null),
  (412, 429, 17, null),
  (413, 429, 17, null),
  (414, 120, 3, null),
  (415, 120, 19, null),
  (416, 430, 15, null),
  (417, 431, 25, null),
  (418, 121, 2, null),
  (419, 432, 13, null),
  (420, 433, 16, null),
  (421, 600, 30, null),
  (422, 434, 19, null),
  (423, 435, 13, null),
  (424, 122, 11, null),
  (425, 123, 11, null),
  (426, 436, 17, null),
  (427, 436, 17, null),
  (428, 437, 17, null),
  (429, 437, 30, null),
  (430, 438, 25, null),
  (431, 125, 4, null),
  (432, 439, 15, null),
  (433, 440, 18, null),
  (434, 124, 5, null),
  (435, 127, 10, null),
  (436, 127, 21, null),
  (437, 126, 3, null),
  (438, 441, 15, null),
  (439, 129, 5, null),
  (440, 442, 24, null),
  (441, 128, 6, null),
  (442, 601, 29, null),
  (443, 130, 9, null),
  (444, 443, 21, null),
  (445, 132, 5, null),
  (446, 131, 1, null),
  (447, 444, 22, null),
  (448, 444, 22, null),
  (449, 445, 25, null),
  (450, 134, 2, null),
  (451, 133, 7, null),
  (452, 446, 21, null),
  (453, 447, 16, null),
  (454, 447, 16, null),
  (455, 448, 15, null),
  (456, 448, 15, null),
  (457, 449, 15, null),
  (458, 449, 15, null),
  (459, 450, 20, null),
  (460, 451, 16, null),
  (461, 451, 30, 'Transferida da EMEF Humberto Ferruccio Campetti para a EMEF Santa Maria Goreti em 06/04/2026'),
  (462, 602, 29, null),
  (463, 452, 22, null),
  (464, 603, 27, null),
  (465, 453, 24, null),
  (466, 135, 4, null),
  (467, 136, 2, null),
  (468, 454, 25, null),
  (469, 454, 30, null),
  (470, 455, 22, null),
  (471, 455, 22, null),
  (472, 137, 6, null),
  (473, 137, 6, null),
  (474, 456, 21, null),
  (475, 456, 21, null),
  (476, 457, 20, null),
  (477, 458, 22, null),
  (478, 459, 21, null),
  (479, 460, 15, null),
  (480, 460, 15, null),
  (481, 461, 20, null),
  (482, 138, 8, null),
  (483, 139, 6, null),
  (484, 139, 6, null),
  (485, 140, 9, null),
  (486, 141, 3, null),
  (487, 604, 26, null),
  (488, 462, 17, null),
  (489, 463, 17, null),
  (490, 463, 17, null),
  (491, 464, 20, null),
  (492, 465, 17, null),
  (493, 465, 17, null),
  (494, 466, 20, null),
  (495, 143, 10, null),
  (496, 143, 17, null),
  (497, 467, 25, null),
  (498, 468, 17, null),
  (499, 469, 17, null),
  (500, 470, 19, null),
  (501, 470, 19, null),
  (502, 144, 5, null),
  (503, 471, 21, null),
  (504, 471, 21, null),
  (505, 472, 22, null),
  (506, 145, 1, null),
  (507, 145, 10, null),
  (508, 473, 16, null),
  (509, 473, 20, null),
  (510, 474, 25, null),
  (511, 475, 16, null),
  (512, 142, 2, null),
  (513, 142, 17, null),
  (514, 476, 25, null),
  (515, 146, 4, null),
  (516, 477, 23, null),
  (517, 478, 20, null),
  (518, 147, 10, null),
  (519, 148, 12, null),
  (520, 479, 22, null),
  (521, 479, 22, null),
  (522, 149, 9, null),
  (523, 480, 17, null),
  (524, 481, 14, null),
  (525, 151, 9, null),
  (526, 482, 18, null),
  (527, 483, 14, null),
  (528, 483, 14, null),
  (529, 484, 22, null),
  (530, 150, 9, null),
  (531, 485, 13, null),
  (532, 486, 23, null),
  (533, 152, 2, null),
  (534, 153, 3, null),
  (535, 487, 25, null),
  (536, 154, 4, null),
  (537, 155, 10, null),
  (538, 488, 19, null),
  (539, 489, 15, null),
  (540, 490, 17, null),
  (541, 490, 17, null),
  (542, 491, 22, null),
  (543, 491, 22, null),
  (544, 492, 22, null),
  (545, 605, 26, '2 nomeações na mesma escola'),
  (546, 605, 26, '2 nomeações na mesma escola'),
  (547, 493, 24, null),
  (548, 494, 20, null),
  (549, 495, 14, null),
  (550, 495, 14, null),
  (551, 156, 12, null),
  (552, 606, 30, null),
  (553, 496, 22, null),
  (554, 496, 24, null),
  (555, 497, 25, null),
  (556, 498, 20, null),
  (557, 157, 3, null),
  (558, 499, 14, null),
  (559, 500, 20, null),
  (560, 501, 25, null),
  (561, 158, 6, null),
  (562, 502, 22, null),
  (563, 503, 21, null),
  (564, 503, 24, null),
  (565, 166, 6, null),
  (566, 166, 6, null),
  (567, 504, 25, null),
  (568, 162, 3, null),
  (569, 163, 8, null),
  (570, 505, 16, null),
  (571, 505, 16, null),
  (572, 506, 19, null),
  (573, 507, 13, null),
  (574, 508, 13, null),
  (575, 164, 4, null),
  (576, 165, 3, null),
  (577, 509, 22, null),
  (578, 510, 22, null),
  (579, 510, 22, null),
  (580, 511, 24, null),
  (581, 512, 13, null),
  (582, 172, 11, null),
  (583, 168, 2, null),
  (584, 169, 7, null),
  (585, 170, 10, null),
  (586, 171, 3, null),
  (587, 167, 7, null),
  (588, 159, 3, null),
  (589, 160, 7, null),
  (590, 161, 5, null),
  (591, 513, 13, null),
  (592, 514, 24, null),
  (593, 515, 13, null),
  (594, 516, 21, null),
  (595, 173, 8, null),
  (596, 174, 8, null),
  (597, 517, 24, null),
  (598, 518, 14, null),
  (599, 175, 3, null),
  (600, 519, 25, null);
insert into nomeacoes (id, professor_id, escola_id, observacoes) values
  (601, 520, 16, null),
  (602, 521, 21, null),
  (603, 521, 21, null),
  (604, 522, 13, null),
  (605, 522, 24, null),
  (606, 523, 24, null),
  (607, 524, 13, null),
  (608, 524, 26, null),
  (609, 525, 15, null),
  (610, 526, 25, null),
  (611, 527, 20, null),
  (612, 528, 23, null),
  (613, 177, 8, null),
  (614, 177, 14, null),
  (615, 178, 6, null),
  (616, 529, 24, null),
  (617, 176, 8, null),
  (618, 180, 11, null),
  (619, 179, 7, null),
  (620, 183, 1, null),
  (621, 183, 3, null),
  (622, 181, 12, null),
  (623, 182, 7, null),
  (624, 607, 26, '2 nomeações na mesma escola'),
  (625, 607, 26, '2 nomeações na mesma escola'),
  (626, 530, 21, null),
  (627, 531, 15, null),
  (628, 532, 25, null),
  (629, 185, 9, null),
  (630, 184, 11, null),
  (631, 533, 17, null),
  (632, 534, 13, null),
  (633, 186, 8, null),
  (634, 187, 9, null),
  (635, 535, 13, null),
  (636, 608, 29, null),
  (637, 536, 15, null),
  (638, 537, 21, null),
  (639, 537, 21, null),
  (640, 538, 22, null),
  (641, 538, 22, null),
  (642, 539, 22, null),
  (643, 189, 10, null),
  (644, 188, 5, null),
  (645, 540, 15, null),
  (646, 541, 22, null),
  (647, 542, 22, null),
  (648, 542, 28, null),
  (649, 543, 14, null),
  (650, 543, 14, null),
  (651, 544, 20, null),
  (652, 545, 18, null),
  (653, 546, 21, null),
  (654, 547, 16, null),
  (655, 190, 10, null),
  (656, 548, 22, null),
  (657, 549, 15, null),
  (658, 549, 15, null),
  (659, 550, 22, null),
  (660, 551, 24, null),
  (661, 191, 9, null),
  (662, 609, 28, '2 nomeações na mesma escola'),
  (663, 609, 28, '2 nomeações na mesma escola'),
  (664, 192, 1, null),
  (665, 193, 7, null),
  (666, 552, 16, null),
  (667, 552, 16, null),
  (668, 553, 17, null),
  (669, 194, 5, null),
  (670, 554, 25, null),
  (671, 555, 15, null),
  (672, 610, 26, null),
  (673, 611, 29, '2 nomeações na mesma escola'),
  (674, 611, 29, '2 nomeações na mesma escola'),
  (675, 556, 22, null),
  (676, 556, 22, null),
  (677, 197, 2, null),
  (678, 198, 1, null),
  (679, 198, 6, null),
  (680, 196, 9, null),
  (681, 612, 26, '2 nomeações na mesma escola'),
  (682, 612, 26, '2 nomeações na mesma escola'),
  (683, 199, 6, null),
  (684, 199, 17, null),
  (685, 200, 7, null),
  (686, 557, 24, null),
  (687, 195, 2, null),
  (688, 558, 24, null),
  (689, 613, 28, null),
  (690, 559, 23, null),
  (691, 560, 25, null),
  (692, 561, 20, null),
  (693, 562, 13, null),
  (694, 562, 23, null),
  (695, 201, 10, null),
  (696, 563, 21, null),
  (697, 202, 11, null),
  (698, 564, 21, null),
  (699, 564, 25, null),
  (700, 565, 15, null),
  (701, 566, 18, null),
  (702, 567, 18, null),
  (703, 203, 9, null),
  (704, 568, 25, null),
  (705, 569, 20, null),
  (706, 570, 22, null),
  (707, 614, 28, null),
  (708, 571, 19, null),
  (709, 572, 23, null),
  (710, 204, 8, null),
  (711, 205, 8, null),
  (712, 573, 25, null),
  (713, 574, 16, null),
  (714, 206, 10, null),
  (715, 575, 18, null),
  (716, 576, 24, null),
  (717, 577, 17, null),
  (718, 578, 13, null),
  (719, 207, 7, null),
  (720, 579, 20, null),
  (721, 580, 18, null),
  (722, 208, 11, null),
  (723, 209, 10, null),
  (724, 581, 13, null),
  (725, 581, 21, null),
  (726, 581, 21, null),
  (727, 211, 8, null),
  (728, 212, 6, null),
  (729, 212, 17, null),
  (730, 582, 20, null),
  (731, 210, 8, null),
  (732, 583, 18, null),
  (733, 584, 14, null),
  (734, 585, 22, null),
  (735, 585, 24, null);
select setval('nomeacoes_id_seq', (select max(id) from nomeacoes));

-- Total: 30 escolas, 614 professores, 735 nomeações